region,urban_prop
Boké,0.253808105
Conakry,1
Faranah,0.219023966
Kankan,0.199903541
Kindia,0.352502949
Labé,0.117049349
Mamou,0.13647968
N’Zérékoré,0.232425802