region,urban_prop
City of Kigali,0.749615493
South,0.081396999
West,0.117134828
North,0.083519921
East,0.070343493
