region,urban_prop
Eastern,0.302942424
Northern,0.20804189
Southern,0.161349535
Western,0.972546063